<?xml version="1.0" encoding="UTF-8"?>
<actions>
    <action>
        <actionName>run</actionName>
        <packagings>
            <packaging>jar</packaging>
        </packagings>
        <goals>
            <goal>spring-boot:run</goal>
        </goals>
        <properties>
            <spring-boot.run.jvmArguments>-noverify -XX:TieredStopAtLevel=1 </spring-boot.run.jvmArguments>
            <spring-boot.run.mainClass>com.omni.demo.OmniApplication</spring-boot.run.mainClass>
            <Env.SPRING_OUTPUT_ANSI_ENABLED>always</Env.SPRING_OUTPUT_ANSI_ENABLED>
        </properties>
    </action>
    <action>
        <actionName>debug</actionName>
        <packagings>
            <packaging>jar</packaging>
        </packagings>
        <goals>
            <goal>spring-boot:run</goal>
        </goals>
        <properties>
            <spring-boot.run.jvmArguments>-Xdebug -Xrunjdwp:transport=dt_socket,server=n,address=${jpda.address} -noverify -XX:TieredStopAtLevel=1 </spring-boot.run.jvmArguments>
            <spring-boot.run.mainClass>com.omni.demo.OmniApplication</spring-boot.run.mainClass>
            <Env.SPRING_OUTPUT_ANSI_ENABLED>always</Env.SPRING_OUTPUT_ANSI_ENABLED>
            <jpda.listen>true</jpda.listen>
        </properties>
    </action>
    <action>
        <actionName>profile</actionName>
        <packagings>
            <packaging>jar</packaging>
        </packagings>
        <goals>
            <goal>process-classes</goal>
            <goal>org.codehaus.mojo:exec-maven-plugin:1.2.1:exec</goal>
        </goals>
        <properties>
            <exec.args>-classpath %classpath com.omni.demo.OmniApplication</exec.args>
            <exec.executable>java</exec.executable>
        </properties>
    </action>
</actions>
